{
  "knots": [
    0.0,
    0.0,
    0.0,
    0.0,
    43.240653760710885,
    43.240653760710885,
    43.240653760710885,
    43.240653760710885
  ],
  "coefficients": [
    0.20397168541812583,
    16.039311795694598,
    30.304714849068926,
    43.80096884703507,
    0.0,
    0.0,
    0.0,
    0.0
  ],
  "k": 3,
  "x_range": [
    0.0,
    43.240653760710885
  ],
  "y_range": [
    0.0,
    43.8404
  ],
  "calibration_points": 548
}

