{
  "model_type": "cubic_spline",
  "version": "2.2",
  "knots": [
    -24.590706,
    -24.590706,
    -24.590706,
    -24.590706,
    -22.817278,
    -21.841047,
    -20.862363,
    -19.881322,
    -18.898966,
    -17.91395,
    -16.927344,
    -15.937931,
    -14.946606,
    -13.953478,
    -12.957734,
    -11.960753,
    -10.959775,
    -9.958638,
    -8.954841,
    -7.948309,
    -6.939672,
    -5.928434,
    -4.914969,
    -3.901169,
    -2.882809,
    -1.863166,
    -0.8419,
    0.182481,
    1.208862,
    2.237669,
    3.2667,
    4.2982,
    5.332806,
    6.368062,
    7.406413,
    8.446338,
    9.487988,
    10.531375,
    11.578169,
    12.624825,
    13.674244,
    14.72595,
    15.778906,
    17.890581,
    17.890581,
    17.890581,
    17.890581
  ],
  "coefficients": [
    -44.9966,
    -44.14521,
    -43.28466,
    -41.992109,
    -40.99619,
    -39.995851,
    -38.995176,
    -37.996356,
    -36.995188,
    -35.99588,
    -34.996035,
    -33.995618,
    -32.99694,
    -31.994709,
    -30.997621,
    -29.996021,
    -28.996144,
    -27.996477,
    -26.996308,
    -25.996454,
    -24.997975,
    -23.994842,
    -22.997254,
    -21.996781,
    -20.996077,
    -19.996825,
    -18.996472,
    -17.997859,
    -16.996798,
    -15.996278,
    -14.998067,
    -13.996591,
    -12.997692,
    -11.99736,
    -10.997739,
    -9.996554,
    -8.998931,
    -7.997065,
    -6.997575,
    -5.998485,
    -4.663065,
    -3.665374,
    -2.9993,
    0.0,
    0.0,
    0.0,
    0.0
  ],
  "k": 3,
  "x_range": [
    -24.5907,
    17.8906
  ],
  "y_range": [
    -44.9966,
    -2.9993
  ],
  "calibration_points": 43
}