{
  "model_type": "cubic_spline",
  "version": "2.2",
  "knots": [
    -24.095556,
    -24.095556,
    -24.095556,
    -24.095556,
    -22.145266,
    -21.167919,
    -20.188216,
    -19.206322,
    -18.222222,
    -17.237028,
    -16.248888,
    -15.259422,
    -14.267547,
    -13.271825,
    -12.274178,
    -11.275919,
    -10.276088,
    -9.272191,
    -8.266772,
    -7.260031,
    -6.249878,
    -5.239206,
    -4.223537,
    -3.207728,
    -2.189547,
    -1.169091,
    -0.144709,
    0.880219,
    1.908438,
    2.937194,
    3.967106,
    4.999937,
    6.035288,
    7.072919,
    8.110856,
    9.153119,
    10.195963,
    11.241031,
    12.286988,
    13.336806,
    14.386356,
    15.438356,
    17.547588,
    17.547588,
    17.547588,
    17.547588
  ],
  "coefficients": [
    0.9998,
    1.668702,
    2.66772,
    4.000676,
    5.00043,
    6.000165,
    6.999257,
    8.000541,
    8.999162,
    9.999941,
    11.000691,
    11.999379,
    12.998791,
    13.999059,
    15.000606,
    15.998813,
    16.998663,
    18.000437,
    18.99789,
    20.001174,
    20.997737,
    21.999816,
    22.999032,
    24.000523,
    24.997953,
    26.000456,
    26.998456,
    27.998781,
    28.999963,
    29.999559,
    30.999561,
    31.99804,
    33.000891,
    33.998182,
    34.999574,
    35.998162,
    37.0003,
    37.997436,
    38.999361,
    40.333431,
    41.329773,
    41.9978,
    0.0,
    0.0,
    0.0,
    0.0
  ],
  "k": 3,
  "x_range": [
    -24.0956,
    17.5476
  ],
  "y_range": [
    0.9998,
    41.9978
  ],
  "calibration_points": 42
}